Metric,MySQL,MongoDB
Data Ingestion Time,4.256014585494995,0.15366864204406738
Query Execution Time,0.02513432502746582,0.09668684005737305
